id,dataset
61,movies
62,movies
63,movies
64,movies
65,movies
66,movies
67,movies
69,movies
71,movies
72,movies
73,movies
74,movies
79,movies
80,movies
81,movies
82,movies
85,movies
87,movies
88,movies
89,movies
90,movies
91,movies
93,movies
94,movies
95,movies
96,movies
98,movies
99,movies
100,movies
102,movies
103,movies
104,movies
105,movies
106,movies
108,movies
109,movies
111,movies
113,movies
114,movies
115,movies
116,movies
117,movies
118,movies
120,movies
121,movies
122,movies
123,movies
125,movies
126,movies
127,movies
129,movies
131,movies
133,movies
134,movies
135,movies
136,movies
137,movies
138,movies
139,movies
140,movies
144,movies
145,movies
146,movies
147,movies
148,movies
150,movies
151,movies
152,movies
153,movies
154,movies
155,movies
156,movies
157,movies
158,movies
159,movies
160,movies
163,movies
164,movies
165,movies
166,movies
167,movies
168,movies
170,movies
171,movies
172,movies
173,movies
175,movies
177,movies
178,movies
179,movies
180,movies
181,movies
182,movies
183,movies
184,movies
185,movies
186,movies
187,movies
188,movies
189,movies
190,movies
191,movies
192,movies
193,movies
194,movies
197,movies
203,books
204,books
205,books
206,books
207,books
208,books
210,books
211,books
212,books
213,books
214,books
215,books
219,books
220,books
223,books
224,books
225,books
227,books
228,books
229,books
230,books
231,books
232,books
233,books
234,books
235,books
236,books
238,books
239,books
243,books
244,books
245,books
246,books
248,books
249,books
251,books
252,books
253,books
254,books
256,books
258,books
259,books
260,books
261,books
262,books
263,books
264,books
265,books
266,books
270,books
271,books
272,books
273,books
274,books
275,books
276,books
277,books
279,books
280,books
281,books
282,books
284,books
285,books
287,books
288,books
289,books
290,books
291,books
292,books
293,books
294,books
295,books
296,books
297,books
298,books
299,books
300,books
302,books
303,books
304,books
305,books
306,books
308,books
309,books
311,books
313,books
314,books
315,books
316,books
317,books
318,books
320,books
321,books
322,books
324,books
325,books
326,books
328,books
329,books
331,books
332,books
333,books
334,books
335,books
336,books
2,movies
3,movies
4,movies
5,movies
6,movies
